{
  "pharmacies": [
    {
      "id": "1",
      "region": "서울",
      "subregion": "강남구",
      "name": "제일그랜드약국",
      "time": "00:00~24:00(24시간 운영)",
      "phone": "02-546-0093",
      "address": "서울 강남구 강남대로 478, 1층 (논현동)",
      "latitude": 37.5051069,
      "longitude": 127.0246713,
      "likes": 14,
      "comments": []
    },
    {
      "id": "2",
      "region": "서울",
      "subregion": "강남구",
      "name": "노바약국",
      "time": "22:00~01:00",
      "phone": "02-542-3696",
      "address": "서울 강남구 강남대로118번길 51, 103호 (논현동)",
      "latitude": 37.5196301,
      "longitude": 127.0381309,
      "likes": 8,
      "comments": []
    },
    {
      "id": "3",
      "region": "서울",
      "subregion": "강동구",
      "name": "행복나무약국",
      "time": "22:00~01:00",
      "phone": "02-487-8880",
      "address": "서울 강동구 천호대로157길 54(천호동)",
      "latitude": 37.5420009,
      "longitude": 127.1377667,
      "likes": 5
    },
    {
      "id": "4",
      "region": "서울",
      "subregion": "강동구",
      "name": "우리들약국",
      "time": "22:00~01:00",
      "phone": "02-427-0012",
      "address": "서울 강동구 올림픽로 781 (암사동)",
      "latitude": 37.5510138,
      "longitude": 127.1275517,
      "likes": null,
      "comments": []
    },
    {
      "id": "5",
      "region": "서울",
      "subregion": "강북구",
      "name": "인수약국",
      "time": "22:00~01:00",
      "phone": "02-993-7378",
      "address": "서울 강북구 삼각산로 71",
      "latitude": 37.6401185,
      "longitude": 127.0122657
    },
    {
      "id": "6",
      "region": "서울",
      "subregion": "강서구",
      "name": "365열린약국",
      "time": "22:00~01:00",
      "phone": "02-3661-3650",
      "address": "서울 강서구 공항대로 41길 52",
      "latitude": 37.5600424,
      "longitude": 126.8462313,
      "likes": null
    },
    {
      "id": "7",
      "region": "서울",
      "subregion": "관악구",
      "name": "종로늘푸른약국",
      "time": "22:00~01:00",
      "phone": "02-885-0074",
      "address": "서울 관악구 신림로 137",
      "latitude": 37.4711776,
      "longitude": 126.9340894,
      "likes": null
    },
    {
      "id": "8",
      "region": "서울",
      "subregion": "광진구",
      "name": "더클래식약국",
      "time": "22:00~01:00",
      "phone": "02-455-4565",
      "address": "서울 광진구 능동로 90, 1층 104-2호(자양동, 더클래식500)",
      "latitude": 37.5387882,
      "longitude": 127.0711369
    },
    {
      "id": "9",
      "region": "서울",
      "subregion": "구로구",
      "name": "남구로약국",
      "time": "22:00~01:00",
      "phone": "02-838-3104",
      "address": "서울 구로구 구로동로 33(가리봉동)",
      "latitude": 37.484567,
      "longitude": 126.8860375
    },
    {
      "id": "10",
      "region": "서울",
      "subregion": "금천구",
      "name": "별장약국",
      "time": "22:00~01:00",
      "phone": "02-807-6360",
      "address": "서울 금천구 금하로24길 40(시흥5동)",
      "latitude": 37.4491614,
      "longitude": 126.9082016,
      "likes": null
    },
    {
      "id": "11",
      "region": "서울",
      "subregion": "노원구",
      "name": "진약국",
      "time": "22:00~01:00",
      "phone": "02-935-8266",
      "address": "서울 노원구 노해로 452, 101호, 102호 (상계동, 노빌리안골드)",
      "latitude": 37.6534875,
      "longitude": 127.0584277
    },
    {
      "id": "12",
      "region": "서울",
      "subregion": "노원구",
      "name": "새고운약국",
      "time": "22:00~01:00",
      "phone": "02-973-9286",
      "address": "서울 노원구 동일로 1003",
      "latitude": 37.6197105,
      "longitude": 127.0746486
    },
    {
      "id": "13",
      "region": "서울",
      "subregion": "도봉구",
      "name": "은혜약국",
      "time": "22:00~01:00 (월, 화, 수)",
      "phone": "02-992-9191",
      "address": "서울 도봉구 도봉로118길 11 (창동)",
      "latitude": 37.649079,
      "longitude": 127.035904
    },
    {
      "id": "14",
      "region": "서울",
      "subregion": "동대문구",
      "name": "보림약국",
      "time": "22:00~01:00",
      "phone": "02-2248-2082",
      "address": "서울 동대문구 장한로 115 (장안동)",
      "latitude": 37.5709469,
      "longitude": 127.0705009
    },
    {
      "id": "15",
      "region": "서울",
      "subregion": "동작구",
      "name": "씨에이(CA)정문약국",
      "time": "08:30~01:00",
      "phone": "02-825-1122",
      "address": "서울 동작구 흑석로 108",
      "latitude": 37.5080446,
      "longitude": 126.961344,
      "likes": 7
    },
    {
      "id": "16",
      "region": "서울",
      "subregion": "마포구",
      "name": "비온뒤숲속약국",
      "time": "22:00~01:00",
      "phone": "02-332-3250",
      "address": "서울 마포구 월드컵로 111",
      "latitude": 37.558185,
      "longitude": 126.9077964,
      "likes": null
    },
    {
      "id": "17",
      "region": "서울",
      "subregion": "마포구",
      "name": "셀약국",
      "time": "22:00~01:00",
      "phone": "02-337-7959",
      "address": "서울 마포구 양화로 72, 118호(서교동)",
      "latitude": 37.5507977,
      "longitude": 126.9167221,
      "likes": null
    },
    {
      "id": "18",
      "region": "서울",
      "subregion": "서대문구",
      "name": "은하약국",
      "time": "22:00~01:00",
      "phone": "02-372-1513",
      "address": "서울 서대문구 명지대3길 1",
      "latitude": 37.5822118,
      "longitude": 126.9236444
    },
    {
      "id": "19",
      "region": "서울",
      "subregion": "서대문구",
      "name": "대유약국",
      "time": "22:00~01:00",
      "phone": "02-379-4415",
      "address": "서울 서대문구 모래내로 359",
      "latitude": 37.5818765,
      "longitude": 126.9358671,
      "likes": 1
    },
    {
      "id": "20",
      "region": "서울",
      "subregion": "서초구",
      "name": "기린약국",
      "time": "22:00~01:00",
      "phone": "010-5319-7241",
      "address": "서울 서초구 잠원로 24, 반포자이중심상가130호(반포동)",
      "latitude": 37.5071264,
      "longitude": 127.0098413,
      "likes": 1
    },
    {
      "id": "21",
      "region": "서울",
      "subregion": "서초구",
      "name": "장수알파약국",
      "time": "22:00~01:00",
      "phone": "02-3487-4233",
      "address": "서울 서초구 서초중앙로 38, 남부터미널역 1번출구",
      "latitude": 37.484918,
      "longitude": 127.01629
    },
    {
      "id": "22",
      "region": "서울",
      "subregion": "성동구",
      "name": "새인선약국",
      "time": "22:00~01:00",
      "phone": "02-466-4159",
      "address": "서울 성동구 광나루로11길 41-1, 1층(송정동)",
      "latitude": 37.5514938,
      "longitude": 127.0678602
    },
    {
      "id": "23",
      "region": "서울",
      "subregion": "성북구",
      "name": "계산온누리약국",
      "time": "22:00~01:00",
      "phone": "02-925-4551",
      "address": "서울 성북구 동소문로20길 43(동선동1가)",
      "latitude": 37.591148,
      "longitude": 127.016973
    },
    {
      "id": "24",
      "region": "서울",
      "subregion": "성북구",
      "name": "온누리민우약국",
      "time": "22:00~01:00",
      "phone": "02-969-4582",
      "address": "서울 성북구 돌곶이로22길 49(석관동)",
      "latitude": 37.6107301,
      "longitude": 127.0606503
    },
    {
      "id": "25",
      "region": "서울",
      "subregion": "송파구",
      "name": "시온약국",
      "time": "22:00~01:00",
      "phone": "02-417-1365",
      "address": "서울 송파구 백제고분로27길 19",
      "latitude": 37.50487,
      "longitude": 127.0931397
    },
    {
      "id": "26",
      "region": "서울",
      "subregion": "영등포구",
      "name": "세종로약국",
      "time": "22:00~01:00",
      "phone": "02-846-0072",
      "address": "서울 영등포구 여의대방로 197, 1층",
      "latitude": 37.5046929,
      "longitude": 126.9218862
    },
    {
      "id": "27",
      "region": "서울",
      "subregion": "용산구",
      "name": "수복약국",
      "time": "08:00~01:00",
      "phone": "02-714-0667",
      "address": "서울 용산구 새창로12길 12(도원동)",
      "latitude": 37.5392671,
      "longitude": 126.9575191,
      "likes": 8
    },
    {
      "id": "28",
      "region": "서울",
      "subregion": "은평구",
      "name": "정문온누리약국",
      "time": "22:00~01:00 (토요일 미운영)",
      "phone": "02-549-3003",
      "address": "서울 은평구 진흥로 196(녹번동)",
      "latitude": 37.601909,
      "longitude": 126.9286928
    },
    {
      "id": "29",
      "region": "서울",
      "subregion": "은평구",
      "name": "청룡중앙약국",
      "time": "22:00~01:00 (월~금)",
      "phone": "02-303-6550",
      "address": "서울 은평구 가좌로 233(응암동)",
      "latitude": 37.5904248,
      "longitude": 126.9164181
    },
    {
      "id": "30",
      "region": "서울",
      "subregion": "종로구",
      "name": "일등약국",
      "time": "22:00~01:00",
      "phone": "02-723-7581",
      "address": "서울 종로구 경교장길 35, 상가동3148,3149호(평동, 경희궁자이3단지)",
      "latitude": 37.5687183,
      "longitude": 126.966158
    },
    {
      "id": "31",
      "region": "서울",
      "subregion": "중구",
      "name": "대풍약국",
      "time": "22:00~01:00 (월, 토, 일)",
      "phone": "02-2252-3944",
      "address": "서울 중구 동호로11길 43(신당동)",
      "latitude": 37.5533356,
      "longitude": 127.0090626,
      "likes": 5
    },
    {
      "id": "32",
      "region": "서울",
      "subregion": "중랑구",
      "name": "건명약국",
      "time": "22:00~01:00 (화, 토, 일)",
      "phone": "02-435-3900",
      "address": "서울 중랑구 면목로 421",
      "latitude": 37.5896475,
      "longitude": 127.0870515,
      "likes": 2
    },
    {
      "id": "33",
      "region": "서울",
      "subregion": "양천구",
      "name": "메디팜신정약국",
      "time": "22:00~01:00",
      "phone": "02-2649-8275",
      "address": "서울 양천구 신목로 36",
      "latitude": 37.518869,
      "longitude": 126.8738236
    },
    {
      "id": "34",
      "region": "부산",
      "subregion": "강서구",
      "name": "메디팜 유리행약국",
      "time": "22:00~01:00",
      "phone": "051-971-6264",
      "address": "부산광역시 강서구 낙동북로 74",
      "latitude": 35.2177798,
      "longitude": 128.9373213
    },
    {
      "id": "35",
      "region": "부산",
      "subregion": "금정구",
      "name": "동신약국",
      "time": "22:00~24:00",
      "phone": "051-582-5418",
      "address": "부산광역시 금정구 금강로 180(장전동)",
      "latitude": 35.2245879,
      "longitude": 129.0820644
    },
    {
      "id": "36",
      "region": "부산",
      "subregion": "기장군",
      "name": "중앙약국",
      "time": "09:00~24:00",
      "phone": "051-413-0300",
      "address": "부산광역시 기장군 정관읍 정관4로 24",
      "latitude": 35.3241099,
      "longitude": 129.1695991,
      "likes": null
    },
    {
      "id": "37",
      "region": "부산",
      "subregion": "남구",
      "name": "포미약국",
      "time": "22:00~01:00",
      "phone": "051-924-4242",
      "address": "부산광역시 남구 용소로 15",
      "latitude": 35.1359311,
      "longitude": 129.1009625
    },
    {
      "id": "38",
      "region": "부산",
      "subregion": "부산진구",
      "name": "서면365약국",
      "time": "22:00~01:00",
      "phone": "051-819-8624",
      "address": "부산광역시 부산진구 서면로 74",
      "latitude": 35.1572312,
      "longitude": 129.0581932
    },
    {
      "id": "39",
      "region": "부산",
      "subregion": "부산진구",
      "name": "사나약국",
      "time": "22:00~01:00",
      "phone": "051-922-9422",
      "address": "부산광역시 부산진구 중앙대로 701",
      "latitude": 35.1554549,
      "longitude": 129.0589052
    },
    {
      "id": "40",
      "region": "부산",
      "subregion": "사상구",
      "name": "경남약국",
      "time": "22:00~24:00",
      "phone": "051-325-3355",
      "address": "부산광역시 사상구 사상로 194(괘법동)",
      "latitude": 35.16646,
      "longitude": 128.9908874
    },
    {
      "id": "41",
      "region": "부산",
      "subregion": "사하구",
      "name": "감천무지개약국",
      "time": "22:00~01:00",
      "phone": "051-203-1032",
      "address": "부산광역시 사하구 옥천로 11",
      "latitude": 35.0886639,
      "longitude": 129.0052417
    },
    {
      "id": "42",
      "region": "부산",
      "subregion": "서구",
      "name": "정화약국",
      "time": "22:00~01:00",
      "phone": "051-241-0110",
      "address": "부산광역시 서구 대티로 167",
      "latitude": 35.1127408,
      "longitude": 129.0116892
    },
    {
      "id": "43",
      "region": "부산",
      "subregion": "서구",
      "name": "영광약국",
      "time": "22:00~01:00",
      "phone": "051-247-7989",
      "address": "부산광역시 서구 대영로 65-1",
      "latitude": 35.110383,
      "longitude": 129.0183887
    },
    {
      "id": "44",
      "region": "부산",
      "subregion": "수영구",
      "name": "세종약국",
      "time": "22:00~01:00",
      "phone": "051-758-4915",
      "address": "부산광역시 수영구 광안해변로277번길 3",
      "latitude": 35.1560368,
      "longitude": 129.1239997
    },
    {
      "id": "45",
      "region": "부산",
      "subregion": "연제구",
      "name": "한빛메디칼약국",
      "time": "22:00~01:00",
      "phone": "051-862-6132",
      "address": "부산광역시 연제구 연수로 137",
      "latitude": 35.1749152,
      "longitude": 129.0858987
    },
    {
      "id": "46",
      "region": "부산",
      "subregion": "영도구",
      "name": "지성약국",
      "time": "00:00~24:00",
      "phone": "051-403-2122",
      "address": "부산광역시 영도구 상리로 25(동삼동)",
      "latitude": 35.0848303,
      "longitude": 129.0676483,
      "likes": null
    },
    {
      "id": "47",
      "region": "부산",
      "subregion": "중구",
      "name": "영주약국",
      "time": "21:00~24:00",
      "phone": "051-464-0075",
      "address": "부산광역시 중구 대영로 219",
      "latitude": 35.1123435,
      "longitude": 129.0347798,
      "likes": null
    },
    {
      "id": "48",
      "region": "부산",
      "subregion": "해운대구",
      "name": "해성약국",
      "time": "22:00~01:00",
      "phone": "051-743-0400",
      "address": "부산광역시 해운대구 구남로 3",
      "latitude": 35.1634472,
      "longitude": 129.1592712
    },
    {
      "id": "49",
      "region": "부산",
      "subregion": "해운대구",
      "name": "센텀홍은약국",
      "time": "22:00~01:00",
      "phone": "051-746-1131",
      "address": "부산광역시 해운대구 센텀2로 10",
      "latitude": 35.1678021,
      "longitude": 129.1315549
    },
    {
      "id": "50",
      "region": "대구",
      "subregion": "남구",
      "name": "건강약국",
      "time": "21:00-24:00",
      "phone": "053-815-1862",
      "address": "대구광역시 남구 대명로 205",
      "latitude": 35.8404587,
      "longitude": 128.5794083
    },
    {
      "id": "51",
      "region": "대구",
      "subregion": "달서구",
      "name": "상인사랑약국",
      "time": "21:00-24:00",
      "phone": "053-635-7300",
      "address": "대구광역시 달서구 월배로 199 102호",
      "latitude": 35.8183564,
      "longitude": 128.5353601
    },
    {
      "id": "52",
      "region": "대구",
      "subregion": "달서구",
      "name": "삼일약국",
      "time": "09:00-24:00",
      "phone": "053-568-3375",
      "address": "대구광역시 달서구 와룡로 123 죽전역동화아이위시상가 1층 113",
      "latitude": 35.8450523,
      "longitude": 128.5368192
    },
    {
      "id": "53",
      "region": "대구",
      "subregion": "북구",
      "name": "강북약국",
      "time": "20:00-24:00",
      "phone": "053-323-8736",
      "address": "대구광역시 북구 칠곡중앙대로 450",
      "latitude": 35.9358908,
      "longitude": 128.5494369,
      "likes": null
    },
    {
      "id": "54",
      "region": "대구",
      "subregion": "북구",
      "name": "정성약국",
      "time": "21:00-24:00",
      "phone": "053-216-9115",
      "address": "대구광역시 북구 동북로 254",
      "latitude": 35.8979121,
      "longitude": 128.6107542
    },
    {
      "id": "55",
      "region": "대구",
      "subregion": "서구",
      "name": "원고개약국",
      "time": "21:00-24:00",
      "phone": "053-558-3711",
      "address": "대구광역시 서구 통학로48길 44",
      "latitude": 35.8812109,
      "longitude": 128.5677859
    },
    {
      "id": "56",
      "region": "대구",
      "subregion": "수성구",
      "name": "심야약국",
      "time": "22:00-06:00",
      "phone": "053-768-3679",
      "address": "대구광역시 수성구 희망로 175 대구시약사회관",
      "latitude": 35.8468835,
      "longitude": 128.6179993
    },
    {
      "id": "57",
      "region": "대구",
      "subregion": "중구",
      "name": "복음약국",
      "time": "10:00-24:00 (일요일 13:00-24:00)",
      "phone": "053-252-1325",
      "address": "대구광역시 중구 달성로 29",
      "latitude": 35.867794,
      "longitude": 128.5820544,
      "likes": null
    },
    {
      "id": "58",
      "region": "대구",
      "subregion": "중구",
      "name": "한성약국",
      "time": "21:00-24:00",
      "phone": "053-425-5575",
      "address": "대구광역시 중구 중앙대로 386-1",
      "latitude": 35.8675372,
      "longitude": 128.593736
    },
    {
      "id": "59",
      "region": "대구",
      "subregion": "중구",
      "name": "한일약국",
      "time": "10:00-24:00",
      "phone": "053-424-4664",
      "address": "대구광역시 중구 국채보상로 598",
      "latitude": 35.8705414,
      "longitude": 128.5959763,
      "likes": null
    },
    {
      "id": "60",
      "region": "인천",
      "subregion": "미추홀구",
      "name": "삼성온누리약국",
      "time": "22:00~01:00",
      "phone": "032-881-8171",
      "address": "인천광역시 미추홀구 낙섬서로 4, 102호(용현동)",
      "latitude": 37.4500312,
      "longitude": 126.6336927
    },
    {
      "id": "61",
      "region": "인천",
      "subregion": "미추홀구",
      "name": "인영약국",
      "time": "22:00~01:00",
      "phone": "070-8874-7561",
      "address": "인천광역시 미추홀구 인하로 301-1 (주안동)",
      "latitude": 37.4481267,
      "longitude": 126.6817736
    },
    {
      "id": "62",
      "region": "인천",
      "subregion": "부평구",
      "name": "동광약국",
      "time": "22:00~01:00",
      "phone": "032-524-4990",
      "address": "인천광역시 부평구 부흥로 314-1 (부평동)",
      "latitude": 37.4981568,
      "longitude": 126.7268331
    },
    {
      "id": "63",
      "region": "인천",
      "subregion": "부평구",
      "name": "동암프라자약국",
      "time": "24시 운영(월~토), 공휴일 및 일요일 새벽1시까지, 매월 둘쨰주, 넷째주 월요일 새벽1시까지",
      "phone": "032-421-8642",
      "address": "인천광역시 부평구 열우물로 50 (십정동)",
      "latitude": 37.4726074,
      "longitude": 126.7008306
    },
    {
      "id": "64",
      "region": "인천",
      "subregion": "중구",
      "name": "하늘그린약국",
      "time": "22:00~01:00 (화, 금)",
      "phone": "032-752-3112",
      "address": "인천광역시 중구 신도시남로 137 (운서동,화평빌딩)",
      "latitude": 37.4936582,
      "longitude": 126.490088
    },
    {
      "id": "65",
      "region": "인천",
      "subregion": "중구",
      "name": "인하정문약국",
      "time": "22:00~01:00 (화, 토)",
      "phone": "032-888-7548",
      "address": "인천광역시 중구 인항로 42 (신흥동3가)",
      "latitude": 37.4569827,
      "longitude": 126.6347845,
      "likes": 2
    },
    {
      "id": "66",
      "region": "인천",
      "subregion": "중구",
      "name": "인일약국",
      "time": "22:00~01:00",
      "phone": "032-883-9919",
      "address": "인천광역시 중구 연안부두로 9 (항동7가)",
      "latitude": 37.4565315,
      "longitude": 126.6047171
    },
    {
      "id": "67",
      "region": "인천",
      "subregion": "계양구",
      "name": "센타약국",
      "time": "22:00~01:00 (월~금)",
      "phone": "032-552-1168",
      "address": "인천광역시 계양구 계산새로 93 (용종동,밀레니엄프라자)",
      "latitude": 37.5380896,
      "longitude": 126.7385493
    },
    {
      "id": "68",
      "region": "인천",
      "subregion": "계양구",
      "name": "보배약국",
      "time": "22:00~01:00 (월~금)",
      "phone": "070-4090-3156",
      "address": "인천광역시 계양구 봉오대로 659(작전동)",
      "latitude": 37.5268443,
      "longitude": 126.7372056
    },
    {
      "id": "69",
      "region": "인천",
      "subregion": "계양구",
      "name": "열린대학약국",
      "time": "22:00~01:00 (토, 일)",
      "phone": "032-541-1662",
      "address": "인천광역시 계양구 장제로 728(작전동)",
      "latitude": 37.5297844,
      "longitude": 126.7297927,
      "likes": null
    },
    {
      "id": "70",
      "region": "인천",
      "subregion": "계양구",
      "name": "고려원약국",
      "time": "22:00~01:00 (토, 일)",
      "phone": "032-541-0248",
      "address": "인천광역시 계양구 경명대로 1074 (계산동,삼환빌딩)",
      "latitude": 37.5431165,
      "longitude": 126.7263559
    },
    {
      "id": "71",
      "region": "인천",
      "subregion": "남동구",
      "name": "보광약국",
      "time": "22:00~01:00",
      "phone": "032-427-9729",
      "address": "인천광역시 남동구 경인로 586, 2/3 (간석동)",
      "latitude": 37.4641414,
      "longitude": 126.7029277
    },
    {
      "id": "72",
      "region": "인천",
      "subregion": "남동구",
      "name": "365행복약국",
      "time": "22:00~01:00 (월, 목)",
      "phone": "032-429-8184",
      "address": "인천광역시 남동구 논고개로 123번길 35 (논현동)",
      "latitude": 37.4015083,
      "longitude": 126.7220846
    },
    {
      "id": "73",
      "region": "인천",
      "subregion": "남동구",
      "name": "이약국",
      "time": "22:00~01:00 (화, 수, 금, 토, 일)",
      "phone": "032-439-4802",
      "address": "인천광역시 남동구 백범로 275 (간석동)",
      "latitude": 37.4614329,
      "longitude": 126.7188381,
      "likes": null
    },
    {
      "id": "74",
      "region": "인천",
      "subregion": "동구",
      "name": "백제약국",
      "time": "22:00~01:00 (수, 토)",
      "phone": "032-764-5747",
      "address": "인천광역시 동구 화수로 18, 103호 (송현동,동부프라자)",
      "latitude": 37.4810947,
      "longitude": 126.6355054,
      "likes": 1
    },
    {
      "id": "75",
      "region": "인천",
      "subregion": "서구",
      "name": "성민메디칼약국",
      "time": "22:00~01:00 (월, 목, 금, 토)",
      "phone": "032-577-6245",
      "address": "인천광역시 서구 신신로 68, 1층(석남동)",
      "latitude": 37.5080034,
      "longitude": 126.6779519,
      "likes": null
    },
    {
      "id": "76",
      "region": "인천",
      "subregion": "서구",
      "name": "가온약국",
      "time": "22:00~01:00 (화, 수, 일)",
      "phone": "032-567-0879",
      "address": "인천광역시 서구 봉오재 3로 1층(가정동)",
      "latitude": 37.5286725,
      "longitude": 126.6688647
    },
    {
      "id": "77",
      "region": "인천",
      "subregion": "서구",
      "name": "두리약국",
      "time": "22:00~01:00 (월)",
      "phone": "",
      "address": "인천광역시 서구 청라커넬로 260번길 11 진성프라자 105호~106호",
      "latitude": 37.5319166,
      "longitude": 126.6457203
    },
    {
      "id": "78",
      "region": "인천",
      "subregion": "서구",
      "name": "청라천사약국",
      "time": "22:00~01:00 (목)",
      "phone": "032-572-8887",
      "address": "인천광역시 서구 청라커넬로 288번길 10(청라동 더스테이스타워)",
      "latitude": 37.5418737,
      "longitude": 126.649994
    },
    {
      "id": "79",
      "region": "인천",
      "subregion": "서구",
      "name": "당하백화점약국",
      "time": "22:00~01:00 (월~금)",
      "phone": "032-564-8218",
      "address": "인천광역시 서구 청마로 167번길 8, 106호",
      "latitude": 37.5925751,
      "longitude": 126.675943
    },
    {
      "id": "80",
      "region": "인천",
      "subregion": "서구",
      "name": "검단아라태평양약국",
      "time": "22:00~01:00 (토)",
      "phone": "032-561-7766",
      "address": "인천광역시 서구 이음대로 378, 109호(원당동)",
      "latitude": 37.6039487,
      "longitude": 126.702628
    },
    {
      "id": "81",
      "region": "인천",
      "subregion": "서구",
      "name": "보성메디칼약국",
      "time": "22:00~01:00 (일)",
      "phone": "032-567-0167",
      "address": "인천광역시 서구 완정로 179, 강남빌딩 102~103호(당하동)",
      "latitude": 37.6023185,
      "longitude": 126.6564148
    },
    {
      "id": "82",
      "region": "인천",
      "subregion": "연수구",
      "name": "별온누리약국",
      "time": "22:00~01:00",
      "phone": "032-832-9933",
      "address": "인천광역시 연수구 하모니로 158, A동 110~112호 (송도동,송도타임스페이스)",
      "latitude": 37.3840794,
      "longitude": 126.6419098
    },
    {
      "id": "83",
      "region": "인천",
      "subregion": "연수구",
      "name": "동의당약국",
      "time": "22:00~01:00 (월)",
      "phone": "032-834-8274",
      "address": "인천광역시 연수구 한진로 23, 1층(옥련동)",
      "latitude": 37.4246658,
      "longitude": 126.6478188
    },
    {
      "id": "84",
      "region": "인천",
      "subregion": "연수구",
      "name": "온누리현대약국",
      "time": "22:00~01:00 (수)",
      "phone": "032-831-4822",
      "address": "인천광역시 연수구 독배로 40번길 29, 1층(옥련동)",
      "latitude": 37.4245111,
      "longitude": 126.6465893
    },
    {
      "id": "85",
      "region": "인천",
      "subregion": "연수구",
      "name": "건강나라약국",
      "time": "22:00~01:00 (금)",
      "phone": "032-858-9012",
      "address": "인천광역시 연수구 독배로 40번길 11 108호(옥련동)",
      "latitude": 37.4245697,
      "longitude": 126.6456299
    },
    {
      "id": "86",
      "region": "광주",
      "subregion": "광산구",
      "name": "라온약국",
      "time": "22:00~01:00",
      "phone": "062-946-0325",
      "address": "광주광역시 광산구 송도로 160 (도산동)",
      "latitude": 35.1287753,
      "longitude": 126.7929704
    },
    {
      "id": "87",
      "region": "광주",
      "subregion": "남구",
      "name": "나래약국",
      "time": "10:00~01:00",
      "phone": "062-675-0203",
      "address": "광주광역시 남구 대남대로 131 (주월동)",
      "latitude": 35.133735,
      "longitude": 126.9107104
    },
    {
      "id": "88",
      "region": "광주",
      "subregion": "남구",
      "name": "해오름온누리약국",
      "time": "21:00~24:00",
      "phone": "062-654-9933",
      "address": "광주광역시 남구 양림로 38 (양림동)",
      "latitude": 35.136545,
      "longitude": 126.9132212
    },
    {
      "id": "89",
      "region": "광주",
      "subregion": "동구",
      "name": "대동약국",
      "time": "22:00~01:00",
      "phone": "062-223-7675",
      "address": "광주광역시 동구 백서로125번길 25 (금동)",
      "latitude": 35.1439297,
      "longitude": 126.9179198
    },
    {
      "id": "90",
      "region": "광주",
      "subregion": "북구",
      "name": "백림약국",
      "time": "09:00~01:00",
      "phone": "062-263-0994",
      "address": "광주광역시 북구 필문대로 85 (풍향동)",
      "latitude": 35.1624867,
      "longitude": 126.9287167,
      "likes": null
    },
    {
      "id": "91",
      "region": "광주",
      "subregion": "서구",
      "name": "금호스타약국",
      "time": "09:00~01:00",
      "phone": "062-383-8255",
      "address": "광주광역시 서구 금화로 71 (금호동)",
      "latitude": 35.1301665,
      "longitude": 126.8503017
    },
    {
      "id": "92",
      "region": "대전",
      "subregion": "대덕구",
      "name": "건강약국",
      "time": "22:00~01:00",
      "phone": "042-626-9707",
      "address": "대전광역시 대덕구 중리로 60",
      "latitude": 36.3643594,
      "longitude": 127.4253222
    },
    {
      "id": "93",
      "region": "대전",
      "subregion": "대덕구",
      "name": "동이약국",
      "time": "22:00~01:00",
      "phone": "042-673-0108",
      "address": "대전광역시 대덕구 대전로 1123 (오정동)",
      "latitude": 36.3547732,
      "longitude": 127.4147998
    },
    {
      "id": "94",
      "region": "대전",
      "subregion": "동구",
      "name": "동대전약국",
      "time": "22:00~01:00",
      "phone": "042-282-5550",
      "address": "대전광역시 동구 용운로 170-1",
      "latitude": 36.3276431,
      "longitude": 127.4611845
    },
    {
      "id": "95",
      "region": "대전",
      "subregion": "서구",
      "name": "도마태평양약국",
      "time": "22:00~01:00",
      "phone": "042-528-7774",
      "address": "대전광역시 서구 배재로 182-1",
      "latitude": 36.3247599,
      "longitude": 127.3706048
    },
    {
      "id": "96",
      "region": "대전",
      "subregion": "중구",
      "name": "대우약국",
      "time": "22:00~01:00",
      "phone": "042-256-1058",
      "address": "대전광역시 중구 중앙로 125-1",
      "latitude": 36.3281117,
      "longitude": 127.4237842
    },
    {
      "id": "97",
      "region": "울산",
      "subregion": "남구",
      "name": "가람약국",
      "time": "22:00~02:00",
      "phone": "052-257-7584",
      "address": "울산광역시 남구 삼산로 159-1",
      "latitude": 35.5370149,
      "longitude": 129.3246498,
      "likes": null
    },
    {
      "id": "98",
      "region": "울산",
      "subregion": "중구",
      "name": "온누리동광",
      "time": "22:00~01:00",
      "phone": "052-296-6786",
      "address": "울산광역시 중구 손골4길 6",
      "latitude": 35.5635977,
      "longitude": 129.3260594
    },
    {
      "id": "99",
      "region": "경기",
      "subregion": "가평군",
      "name": "우림약국",
      "time": "22:00~01:00",
      "phone": "031-582-5661",
      "address": "경기도 가평군 가평읍 가화로 155-19",
      "latitude": 37.8329445,
      "longitude": 127.5105886
    },
    {
      "id": "100",
      "region": "경기",
      "subregion": "고양시",
      "name": "주엽1번출구약국",
      "time": "22:00~01:00",
      "phone": "031-911-3111",
      "address": "경기도 고양시 일산서구 중앙로 1421,NH농협은행 주엽센터 1층 일부호",
      "latitude": 37.6694246,
      "longitude": 126.7620068
    },
    {
      "id": "101",
      "region": "경기",
      "subregion": "고양시",
      "name": "삼성약국",
      "time": "22:00~01:00",
      "phone": "031-979-7366",
      "address": "경기도 고양시 덕양구 중앙로 558번길 13, 102호",
      "latitude": 37.6243739,
      "longitude": 126.83585
    },
    {
      "id": "102",
      "region": "경기",
      "subregion": "고양시",
      "name": "킨텍스아는약국",
      "time": "10:00~01:00",
      "phone": "031-911-6002",
      "address": "경기도 고양시 일산서구 킨텍스로 240, 142호(대화동,킨텍스 꿈에그린)",
      "latitude": 37.6649204,
      "longitude": 126.7496377,
      "likes": null
    },
    {
      "id": "103",
      "region": "경기",
      "subregion": "고양시",
      "name": "열린큰사랑약국",
      "time": "22:00~01:00",
      "phone": "031-975-0401",
      "address": "경기도 고양시 일산서구 고양대로675번길 32(일산동)",
      "latitude": 37.6855784,
      "longitude": 126.7717567
    },
    {
      "id": "104",
      "region": "경기",
      "subregion": "고양시",
      "name": "우리온누리약국",
      "time": "22:00~01:00",
      "phone": "031-969-9004",
      "address": "경기도 고양시 일산동구 위시티로 34",
      "latitude": 37.6754129,
      "longitude": 126.8091179
    },
    {
      "id": "105",
      "region": "경기",
      "subregion": "광명시",
      "name": "행복한약국",
      "time": "10:00~01:00",
      "phone": "02-2613-8276",
      "address": "경기도 광명시 오리로 947, 1층 (광명동)",
      "latitude": 37.4782246,
      "longitude": 126.8577815
    },
    {
      "id": "106",
      "region": "경기",
      "subregion": "광명시",
      "name": "하늘약국",
      "time": "22:00~01:00",
      "phone": "02-898-7290",
      "address": "경기도 광명시 오리로 351, 1층(소하동)",
      "latitude": 37.4340676,
      "longitude": 126.8790808
    },
    {
      "id": "107",
      "region": "경기",
      "subregion": "구리시",
      "name": "메디팜365약국",
      "time": "22:00~01:00",
      "phone": "031-552-7071",
      "address": "경기도 구리시 검배로 6번길 3",
      "latitude": 37.6002071,
      "longitude": 127.1414431
    },
    {
      "id": "108",
      "region": "경기",
      "subregion": "김포시",
      "name": "한사랑약국",
      "time": "22:00~01:00",
      "phone": "031-983-1357",
      "address": "경기도 김포시 감암로 7",
      "latitude": 37.6318781,
      "longitude": 126.7112019
    },
    {
      "id": "109",
      "region": "경기",
      "subregion": "남양주시",
      "name": "정화약국",
      "time": "22:00~01:00",
      "phone": "031-577-8366",
      "address": "경기도 남양주시 와부읍 덕소로 218, 103-104호",
      "latitude": 37.5794836,
      "longitude": 127.2203969
    },
    {
      "id": "110",
      "region": "경기",
      "subregion": "남양주시",
      "name": "다산현대약국",
      "time": "22:00~01:00",
      "phone": "070-7576-2443",
      "address": "경기도 남양주시 다산순환로 350, 케이비 골든타워 106호",
      "latitude": 37.6257753,
      "longitude": 127.1553694
    },
    {
      "id": "111",
      "region": "경기",
      "subregion": "부천시",
      "name": "새현대약국",
      "time": "22:00~01:00",
      "phone": "032-341-7467",
      "address": "경기도 부천시 역곡로 8",
      "latitude": 37.4861119,
      "longitude": 126.8117531
    },
    {
      "id": "112",
      "region": "경기",
      "subregion": "부천시",
      "name": "메디팜큰약국",
      "time": "22:00~01:00",
      "phone": "032-679-2533",
      "address": "경기도 부천시 소사로 758, 한성빌딩 101호",
      "latitude": 37.5236743,
      "longitude": 126.805207
    },
    {
      "id": "113",
      "region": "경기",
      "subregion": "부천시",
      "name": "뿌리약국",
      "time": "22:00~01:00",
      "phone": "032-664-2561",
      "address": "경기도 부천시 부천로 34 (심곡동)",
      "latitude": 37.4871612,
      "longitude": 126.7837311
    },
    {
      "id": "114",
      "region": "경기",
      "subregion": "성남시",
      "name": "마이팜약국",
      "time": "22:00~01:00",
      "phone": "031-742-7202",
      "address": "경기도 성남시 중원구 산성대로476번길 6-1",
      "latitude": 37.4536743,
      "longitude": 127.1615844
    },
    {
      "id": "115",
      "region": "경기",
      "subregion": "성남시",
      "name": "위례수약국",
      "time": "22:00~01:00",
      "phone": "031-756-0365",
      "address": "경기도 성남시 수정구 위례서일로 18, 102~103호",
      "latitude": 37.4651167,
      "longitude": 127.1378325
    },
    {
      "id": "116",
      "region": "경기",
      "subregion": "수원시",
      "name": "삼일약국",
      "time": "22:00~01:00",
      "phone": "031-256-1131",
      "address": "경기도 수원시 장안구 수성로245-64",
      "latitude": 37.2923614,
      "longitude": 127.0055582
    },
    {
      "id": "117",
      "region": "경기",
      "subregion": "수원시",
      "name": "수원제일큰약국",
      "time": "10:00~01:00",
      "phone": "031-8067-7474",
      "address": "경기도 수원시 팔달구 중부대로 20",
      "latitude": 37.2748928,
      "longitude": 127.0187908
    },
    {
      "id": "118",
      "region": "경기",
      "subregion": "수원시",
      "name": "권선중앙약국",
      "time": "22:00~01:00",
      "phone": "031-226-2326",
      "address": "경기도 수원시 권선구 동수원로 242번길 27",
      "latitude": 37.2509182,
      "longitude": 127.03609
    },
    {
      "id": "119",
      "region": "경기",
      "subregion": "수원시",
      "name": "링컨약국",
      "time": "22:00~01:00",
      "phone": "031-291-1501",
      "address": "경기도 수원시 권선구 금호로 213",
      "latitude": 37.2753363,
      "longitude": 126.9733899
    },
    {
      "id": "120",
      "region": "경기",
      "subregion": "수원시",
      "name": "온달약국",
      "time": "22:00~01:00",
      "phone": "031-238-8421",
      "address": "경기도 수원시 권선구 권중로 31 풍림상가 101호",
      "latitude": 37.2540137,
      "longitude": 127.0336937
    },
    {
      "id": "121",
      "region": "경기",
      "subregion": "시흥시",
      "name": "동의세란약국",
      "time": "22:00~01:00",
      "phone": "031-319-2539",
      "address": "경기도 시흥시 봉우재로 10, 1층(정왕동)",
      "latitude": 37.3441399,
      "longitude": 126.743102
    },
    {
      "id": "122",
      "region": "경기",
      "subregion": "시흥시",
      "name": "아름약국",
      "time": "22:00~01:00",
      "phone": "031-404-9176",
      "address": "경기도 시흥시 수인로 3381번길 27(신천동)",
      "latitude": 37.4389202,
      "longitude": 126.7826925
    },
    {
      "id": "123",
      "region": "경기",
      "subregion": "안산시",
      "name": "한대큰사랑약국",
      "time": "22:00~01:00",
      "phone": "031-409-8844",
      "address": "경기도 안산시 상록구 광덕1로 376,109호(이동)",
      "latitude": 37.3075245,
      "longitude": 126.8479573
    },
    {
      "id": "124",
      "region": "경기",
      "subregion": "안양시",
      "name": "새봄온누리약국",
      "time": "22:00~01:00",
      "phone": "031-381-8278",
      "address": "경기도 안양시 동안구 평촌대로211번길 16, 108호",
      "latitude": 37.390372,
      "longitude": 126.9550313
    },
    {
      "id": "125",
      "region": "경기",
      "subregion": "안양시",
      "name": "초원약국",
      "time": "22:00~01:00",
      "phone": "031-449-5601",
      "address": "경기도 안양시 만안구 안양로 323",
      "latitude": 37.4005259,
      "longitude": 126.9196162
    },
    {
      "id": "126",
      "region": "경기",
      "subregion": "양주시",
      "name": "참약사양주큰사랑약국",
      "time": "22:00~01:00",
      "phone": "031-861-1481",
      "address": "경기도 양주시 화합로 1481",
      "latitude": 37.8382803,
      "longitude": 127.0717686
    },
    {
      "id": "127",
      "region": "경기",
      "subregion": "양평군",
      "name": "포도나무약국",
      "time": "22:00~01:00",
      "phone": "031-772-2158",
      "address": "경기도 양평군 양평읍 시민로 29",
      "latitude": 37.4903712,
      "longitude": 127.494742
    },
    {
      "id": "128",
      "region": "경기",
      "subregion": "여주시",
      "name": "청솔약국",
      "time": "22:00~01:00",
      "phone": "031-882-3981",
      "address": "경기도 여주시 북내면 여양2로 264",
      "latitude": 37.3265139,
      "longitude": 127.6802898
    },
    {
      "id": "129",
      "region": "경기",
      "subregion": "여주시",
      "name": "고려약국",
      "time": "22:00~01:00",
      "phone": "031-881-1163",
      "address": "경기도 여주시 점동면 청안로 123 고려약국",
      "latitude": 37.2055714,
      "longitude": 127.6616686
    },
    {
      "id": "130",
      "region": "경기",
      "subregion": "연천군",
      "name": "희망약국",
      "time": "22:00~01:00",
      "phone": "031-832-0399",
      "address": "경기도 연천군 전곡읍 전곡로 146",
      "latitude": 38.0252409,
      "longitude": 127.0689073
    },
    {
      "id": "131",
      "region": "경기",
      "subregion": "용인시",
      "name": "대학당약국",
      "time": "22:00~01:00",
      "phone": "031-262-5666",
      "address": "경기도 용인시 수지구 풍덕천로 155 동보아파트(풍덕천동 703상가 106호)",
      "latitude": 37.3257472,
      "longitude": 127.0981071
    },
    {
      "id": "132",
      "region": "경기",
      "subregion": "용인시",
      "name": "셀메드주오약국",
      "time": "22:00~01:00",
      "phone": "031-283-1171",
      "address": "경기도 용인시 기흥구 구성로 98 (언남동 구성빌딩102호)",
      "latitude": 37.293833,
      "longitude": 127.1198531
    },
    {
      "id": "133",
      "region": "경기",
      "subregion": "의왕시",
      "name": "손온누리약국",
      "time": "22:00~01:00",
      "phone": "031-461-6021",
      "address": "경기도 의왕시 부곡시장길 11",
      "latitude": 37.3199979,
      "longitude": 126.9502707
    },
    {
      "id": "134",
      "region": "경기",
      "subregion": "의정부시",
      "name": "센트럴약국",
      "time": "22:00~01:00",
      "phone": "031-870-1999",
      "address": "경기도 의정부시 시민로80 센트럴타워 106호",
      "latitude": 37.7380334,
      "longitude": 127.0435891
    },
    {
      "id": "135",
      "region": "경기",
      "subregion": "이천시",
      "name": "녹십자약국",
      "time": "22:00~01:00",
      "phone": "031-694-2307",
      "address": "경기도 이천시 이섭대천로 1199(중리동)",
      "latitude": 37.2774566,
      "longitude": 127.4465131
    },
    {
      "id": "136",
      "region": "경기",
      "subregion": "파주시",
      "name": "용화당약국",
      "time": "22:00~01:00",
      "phone": "031-953-8792",
      "address": "경기도 파주시 파주읍 혜음로 1689",
      "latitude": 37.8285603,
      "longitude": 126.8399926
    },
    {
      "id": "137",
      "region": "경기",
      "subregion": "파주시",
      "name": "베스트소망약국",
      "time": "22:00~01:00",
      "phone": "031-943-2729",
      "address": "경기도 파주시 새꽃로 62(금촌동)",
      "latitude": 37.7554807,
      "longitude": 126.7689508
    },
    {
      "id": "138",
      "region": "경기",
      "subregion": "평택시",
      "name": "청북솔약국",
      "time": "22:00~01:00",
      "phone": "070-4176-8751",
      "address": "경기도 평택시 서정역로 47",
      "latitude": 37.058182,
      "longitude": 127.0548458
    },
    {
      "id": "139",
      "region": "경기",
      "subregion": "평택시",
      "name": "메디칼세계로약국",
      "time": "22:00~01:00",
      "phone": "031-657-8078",
      "address": "경기도 평택시 중앙로 9-1(통복동)",
      "latitude": 36.9956191,
      "longitude": 127.0845366
    },
    {
      "id": "140",
      "region": "경기",
      "subregion": "평택시",
      "name": "포승종로약국",
      "time": "22:00~01:00",
      "phone": "031-611-5252",
      "address": "경기도 평택시 포송읍 여술로 37",
      "latitude": 36.9889276,
      "longitude": 126.8464349
    },
    {
      "id": "141",
      "region": "경기",
      "subregion": "하남시",
      "name": "대학약국",
      "time": "22:00~01:00",
      "phone": "031-792-2505",
      "address": "경기도 하남시 하남대로 739번길 80",
      "latitude": 37.5366381,
      "longitude": 127.2091027
    },
    {
      "id": "142",
      "region": "경기",
      "subregion": "하남시",
      "name": "하남스타약국",
      "time": "22:00~01:00",
      "phone": "031-8072-8578",
      "address": "경기도 하남시 미사대로 750, 스타필드 하남 3층",
      "latitude": 37.5454054,
      "longitude": 127.223858
    },
    {
      "id": "143",
      "region": "경기",
      "subregion": "화성시",
      "name": "이지약국",
      "time": "22:00~01:00",
      "phone": "031-373-9970",
      "address": "경기도 화성시 동탄순환대로708",
      "latitude": 37.2079776,
      "longitude": 127.1104228
    },
    {
      "id": "144",
      "region": "경기",
      "subregion": "화성시",
      "name": "나이스오서약국",
      "time": "22:00~08:00",
      "phone": "031-358-7541",
      "address": "경기도 화성시 우정읍 기아자동차 555",
      "latitude": 37.0807123,
      "longitude": 126.7888689,
      "likes": null
    },
    {
      "id": "145",
      "region": "강원",
      "subregion": "동해시",
      "name": "연세약국",
      "time": "21:00~24:00",
      "phone": "033-532-2500",
      "address": "강원도 동해시 천곡로 68, 101호",
      "latitude": 37.5232803,
      "longitude": 129.1128519
    },
    {
      "id": "146",
      "region": "강원",
      "subregion": "속초시",
      "name": "행복약국",
      "time": "21:00~24:00",
      "phone": "033-637-2825",
      "address": "강원도 속초시 동해대로 4163",
      "latitude": 38.1909018,
      "longitude": 128.5793845
    },
    {
      "id": "147",
      "region": "강원",
      "subregion": "원주시",
      "name": "원주대문약국",
      "time": "22:00~01:00",
      "phone": "033-763-6342",
      "address": "강원도 원주시 서원대로 174",
      "latitude": 37.3438985,
      "longitude": 127.9307499
    },
    {
      "id": "148",
      "region": "강원",
      "subregion": "춘천시",
      "name": "강남약국",
      "time": "22:00~01:00",
      "phone": "033-252-1149",
      "address": "강원도 춘천시 행촌로 29",
      "latitude": 37.8595607,
      "longitude": 127.7240133
    },
    {
      "id": "149",
      "region": "충북",
      "subregion": "증평군",
      "name": "성가약국",
      "time": "21:00~24:00",
      "phone": "043-836-2405",
      "address": "충청북도 증편군 증평읍 광장로 91",
      "latitude": 36.785576,
      "longitude": 127.5826882
    },
    {
      "id": "150",
      "region": "충북",
      "subregion": "청주시",
      "name": "메디팜큰사랑",
      "time": "22:00~01:00",
      "phone": "043-294-8088",
      "address": "충청북도 청주시 상당구 월평로 182",
      "latitude": 36.6100306,
      "longitude": 127.5043748
    },
    {
      "id": "151",
      "region": "충북",
      "subregion": "청주시",
      "name": "흥덕약국",
      "time": "22:00~01:00",
      "phone": "043-262-7907",
      "address": "충청북도 청주시 서원구 흥덕로 70",
      "latitude": 36.6416398,
      "longitude": 127.4725961
    },
    {
      "id": "152",
      "region": "충북",
      "subregion": "청주시",
      "name": "오송열린약국",
      "time": "22:00~01:00",
      "phone": "043-232-0277",
      "address": "충청북도 청주시 흥덕구 오송읍 오송생명로 194",
      "latitude": 36.6308054,
      "longitude": 127.3304825
    },
    {
      "id": "153",
      "region": "충북",
      "subregion": "충주시",
      "name": "남산태평양",
      "time": "22:00~01:00",
      "phone": "043-847-8051",
      "address": "충청북도 충주시 남산4길 52",
      "latitude": 36.9664587,
      "longitude": 127.9448809
    },
    {
      "id": "154",
      "region": "충남",
      "subregion": "공주시",
      "name": "반포약국",
      "time": "22:00~01:00",
      "phone": "0507-1314-3310",
      "address": "충청남도 공주시 반포면 공암장터길 35",
      "latitude": 36.3969244,
      "longitude": 127.2508625
    },
    {
      "id": "155",
      "region": "충남",
      "subregion": "논산시",
      "name": "나나약국",
      "time": "22:00~01:00",
      "phone": "041-736-5035",
      "address": "충청남도 논산시 시민로 132번길 48",
      "latitude": 36.1806992,
      "longitude": 127.1061184
    },
    {
      "id": "156",
      "region": "충남",
      "subregion": "당진시",
      "name": "튼튼약국",
      "time": "22:00~01:00",
      "phone": "041-352-4681",
      "address": "충청남도 당진시 중앙2로 113번지",
      "latitude": 36.8944171,
      "longitude": 126.6309497
    },
    {
      "id": "157",
      "region": "충남",
      "subregion": "서산시",
      "name": "정약국",
      "time": "22:00~01:00",
      "phone": "041-667-7584",
      "address": "충청남도 서산시 안견로 284",
      "latitude": 36.7775496,
      "longitude": 126.4518762
    },
    {
      "id": "158",
      "region": "충남",
      "subregion": "아산시",
      "name": "대광약국",
      "time": "22:00~01:00",
      "phone": "041-545-1488",
      "address": "충청남도 아산시 모종남로12번길 7, 101호",
      "latitude": 36.779101,
      "longitude": 127.0207198
    },
    {
      "id": "159",
      "region": "충남",
      "subregion": "천안시",
      "name": "참조은약국",
      "time": "22:00~01:00",
      "phone": "041-572-0002",
      "address": "충청남도 천안시 서북구 충무로 172",
      "latitude": 36.7939771,
      "longitude": 127.1264812
    },
    {
      "id": "160",
      "region": "충남",
      "subregion": "천안시",
      "name": "창가약국",
      "time": "22:00~01:00",
      "phone": "041-551-2747",
      "address": "충청남도 천안시 동남구 성황동 11-10",
      "latitude": 36.8166893,
      "longitude": 127.1505906
    },
    {
      "id": "161",
      "region": "충남",
      "subregion": "천안시",
      "name": "조은약국",
      "time": "22:00~01:00",
      "phone": "041-558-1588",
      "address": "충청남도 천안시 동남구 봉정로 64",
      "latitude": 36.8078193,
      "longitude": 127.140453
    },
    {
      "id": "162",
      "region": "세종",
      "subregion": "세종시",
      "name": "아람약국",
      "time": "22:00~01:00",
      "phone": "044-862-5265",
      "address": "세종특별자치시 보듬3로 143, 102호",
      "latitude": 36.5116127,
      "longitude": 127.2436209
    },
    {
      "id": "163",
      "region": "세종",
      "subregion": "세종시",
      "name": "서울약국",
      "time": "22:00~01:00",
      "phone": "044-863-8871",
      "address": "세종특별자치시 남세종로 450 보람빌딩 104호",
      "latitude": 36.4773512,
      "longitude": 127.2899926
    },
    {
      "id": "164",
      "region": "전북",
      "subregion": "김제시",
      "name": "나은온누리약국",
      "time": "22:00~01:00",
      "phone": "063-548-1105",
      "address": "전라북도 김제시 남북로 231",
      "latitude": 35.8045702,
      "longitude": 126.8835831
    },
    {
      "id": "165",
      "region": "전북",
      "subregion": "군산시",
      "name": "해맑은약국",
      "time": "22:00~01:00",
      "phone": "063-466-8275",
      "address": "전라북도 군산시 문화로 37",
      "latitude": 35.9700861,
      "longitude": 126.7099108
    },
    {
      "id": "166",
      "region": "전북",
      "subregion": "남원시",
      "name": "서남온누리약국",
      "time": "21:00~24:00",
      "phone": "063-632-2488",
      "address": "전라북도 남원시 시청로 59",
      "latitude": 35.4155451,
      "longitude": 127.3894753
    },
    {
      "id": "167",
      "region": "전북",
      "subregion": "부안군",
      "name": "더조은약국",
      "time": "21:00~24:00",
      "phone": "063-584-0994",
      "address": "전라북도 부안군 부안읍 석정로 230",
      "latitude": 35.7251679,
      "longitude": 126.7369772
    },
    {
      "id": "168",
      "region": "전북",
      "subregion": "순창군",
      "name": "제일약국",
      "time": "21:00~24:00",
      "phone": "063-653-2712",
      "address": "전라북도 순창군 순창로 232",
      "latitude": 35.3756629,
      "longitude": 127.1435504
    },
    {
      "id": "169",
      "region": "전북",
      "subregion": "완주군",
      "name": "남문약국",
      "time": "21:00~24:00",
      "phone": "063-261-8275",
      "address": "전라북도 완주군 고산면 고산로 91",
      "latitude": 35.9750618,
      "longitude": 127.2069574,
      "likes": null
    },
    {
      "id": "170",
      "region": "전북",
      "subregion": "완주군",
      "name": "세화약국",
      "time": "21:00~24:00",
      "phone": "063-245-9413",
      "address": "전라북도 완주군 삼례읍 삼례로 383",
      "latitude": 35.9111581,
      "longitude": 127.0715695
    },
    {
      "id": "171",
      "region": "전북",
      "subregion": "익산시",
      "name": "올리브약국",
      "time": "22:00~01:00",
      "phone": "063-856-5677",
      "address": "전라북도 익산시 서동로 112(동산동)",
      "latitude": 35.9295263,
      "longitude": 126.9679725
    },
    {
      "id": "172",
      "region": "전북",
      "subregion": "전주시",
      "name": "사랑약국",
      "time": "22:00~01:00",
      "phone": "063-229-1400",
      "address": "전라북도 전주시 완산구 백제대로 74",
      "latitude": 35.8008719,
      "longitude": 127.1278153
    },
    {
      "id": "173",
      "region": "전북",
      "subregion": "전주시",
      "name": "인후대형약국",
      "time": "22:00~01:00",
      "phone": "063-245-3007",
      "address": "전라북도 전주시 덕진구 무삼지로 66",
      "latitude": 35.8315361,
      "longitude": 127.1635725
    },
    {
      "id": "174",
      "region": "전북",
      "subregion": "전주시",
      "name": "염약국",
      "time": "22:00~01:00",
      "phone": "063-278-7989",
      "address": "전라북도 전주시 덕진구 매봉로 29-1",
      "latitude": 35.8406619,
      "longitude": 127.141104
    },
    {
      "id": "175",
      "region": "전북",
      "subregion": "정읍시",
      "name": "샘골약국",
      "time": "21:00~24:00",
      "phone": "063-538-0222",
      "address": "전라북도 정읍시 수성로 50",
      "latitude": 35.5821414,
      "longitude": 126.8557259
    },
    {
      "id": "176",
      "region": "전남",
      "subregion": "고흥군",
      "name": "화신약국",
      "time": "22:00~24:00",
      "phone": "061-832-2229",
      "address": "전라남도 고흥군 고흥읍 여산당촌길19, 제1층 제109호",
      "latitude": 34.6072957,
      "longitude": 127.2809697
    },
    {
      "id": "177",
      "region": "전남",
      "subregion": "나주시",
      "name": "365우리약국",
      "time": "22:00~24:00",
      "phone": "061-333-8228",
      "address": "전라남도 나주시 전력로 2 빛가람동 이화프라자 1층",
      "latitude": 35.0215765,
      "longitude": 126.7853877
    },
    {
      "id": "178",
      "region": "전남",
      "subregion": "나주시",
      "name": "목사골한국약국",
      "time": "22:00~24:00",
      "phone": "061-337-9449",
      "address": "전라남도 나주시 나주로 204 (성북동)",
      "latitude": 35.0340701,
      "longitude": 126.7182012
    },
    {
      "id": "179",
      "region": "전남",
      "subregion": "목포시",
      "name": "로뎀약국",
      "time": "21:00~24:00",
      "phone": "061-278-6705",
      "address": "전라남도 목포시 청호로 154 (산정동)",
      "latitude": 34.8049705,
      "longitude": 126.3751984
    },
    {
      "id": "180",
      "region": "전남",
      "subregion": "목포시",
      "name": "비타민약국",
      "time": "22:00~24:00",
      "phone": "061-284-7571",
      "address": "전라남도 목포시 하당로 278",
      "latitude": 34.811046,
      "longitude": 126.426441
    },
    {
      "id": "181",
      "region": "전남",
      "subregion": "무안군",
      "name": "바른약국",
      "time": "22:00~24:00",
      "phone": "061-980-2511",
      "address": "전라남도 무안군 삼향읍 남악3로 82길 42 (가온빌딩 1층)",
      "latitude": 34.8093572,
      "longitude": 126.4607953
    },
    {
      "id": "182",
      "region": "전남",
      "subregion": "순천시",
      "name": "오가네약국",
      "time": "22:00~24:00",
      "phone": "061-724-5505",
      "address": "전라남도 순천시 해룡면 신대로 116",
      "latitude": 34.9338165,
      "longitude": 127.5492351
    },
    {
      "id": "183",
      "region": "전남",
      "subregion": "여수시",
      "name": "오렌지은약국",
      "time": "22:00~24:00",
      "phone": "061-685-9400",
      "address": "전라남도 여수시 시청로 34 (학동, 이레타운 1층 101호)",
      "latitude": 34.7637392,
      "longitude": 127.6641685
    },
    {
      "id": "184",
      "region": "전남",
      "subregion": "여수시",
      "name": "백운약국",
      "time": "22:00~24:00",
      "phone": "061-655-2999",
      "address": "전라남도 여수시 여서1로 52",
      "latitude": 34.7521521,
      "longitude": 127.7036104
    },
    {
      "id": "185",
      "region": "전남",
      "subregion": "영암군",
      "name": "푸른약국",
      "time": "20:00~24:00",
      "phone": "061-471-7070",
      "address": "전라남도 영암군 영암읍 동문로 8 (영암버스터미널내)",
      "latitude": 34.7968532,
      "longitude": 126.7029216,
      "likes": null
    },
    {
      "id": "186",
      "region": "경북",
      "subregion": "경산시",
      "name": "복광당약국",
      "time": "19:00~01:00",
      "phone": "053-857-1150",
      "address": "경상북도 경산시 자인면 일연로 80",
      "latitude": 35.820257,
      "longitude": 128.8229254
    },
    {
      "id": "187",
      "region": "경북",
      "subregion": "경산시",
      "name": "조아약국",
      "time": "22:00~01:00",
      "phone": "",
      "address": "경상북도 경산시 성암로 35 상가A동 101호",
      "latitude": 35.8229315,
      "longitude": 128.7215093
    },
    {
      "id": "188",
      "region": "경북",
      "subregion": "경산시",
      "name": "큰경북약국",
      "time": "22:00~01:00",
      "phone": "053-629-7620",
      "address": "경상북도 경산시 중앙로 62",
      "latitude": 35.8221543,
      "longitude": 128.7338576
    },
    {
      "id": "189",
      "region": "경북",
      "subregion": "상주시",
      "name": "경동메디칼약국",
      "time": "21:00~24:00",
      "phone": "054-535-6055",
      "address": "경상북도 상주시 상산로 251",
      "latitude": 36.4132947,
      "longitude": 128.1591548
    },
    {
      "id": "190",
      "region": "경북",
      "subregion": "안동시",
      "name": "서울약국",
      "time": "21:00~01:00",
      "phone": "054-856-8118",
      "address": "경상북도 안동시 옥서1길 81",
      "latitude": 36.5607853,
      "longitude": 128.6932832
    },
    {
      "id": "191",
      "region": "경북",
      "subregion": "칠곡군",
      "name": "대구약국",
      "time": "22:00~01:00",
      "phone": "054-974-4073",
      "address": "경상북도 칠곡군 약목면 약목로 72",
      "latitude": 36.0329477,
      "longitude": 128.3663644
    },
    {
      "id": "192",
      "region": "경북",
      "subregion": "포항시",
      "name": "오거리약국",
      "time": "22:00~01:00",
      "phone": "054-251-0111",
      "address": "경상북도 포항시 북구 중흥로 343",
      "latitude": 36.032487,
      "longitude": 129.3655845
    },
    {
      "id": "193",
      "region": "경북",
      "subregion": "포항시",
      "name": "두꺼비약국",
      "time": "09:00~01:00",
      "phone": "054-247-2455",
      "address": "경상북도 포항시 북구 불종로 57",
      "latitude": 36.0384148,
      "longitude": 129.3661734
    },
    {
      "id": "194",
      "region": "경북",
      "subregion": "포항시",
      "name": "서문제일약국",
      "time": "22:00~01:00",
      "phone": "054-291-7416",
      "address": "경상북도 포항시 남구 오천읍 정몽주로 651",
      "latitude": 35.9759847,
      "longitude": 129.4134995
    },
    {
      "id": "195",
      "region": "경남",
      "subregion": "거제시",
      "name": "거제프라자",
      "time": "22:00~24:00",
      "phone": "055-638-1351",
      "address": "경상남도 거제시 거제중앙로 1916-1",
      "latitude": 34.8891609,
      "longitude": 128.622975
    },
    {
      "id": "196",
      "region": "경남",
      "subregion": "김해시",
      "name": "명인약국",
      "time": "22:00~24:00",
      "phone": "055-327-1150",
      "address": "경상남도 김해시 번화1로 79번길2, 2층 207-1호",
      "latitude": 35.1944389,
      "longitude": 128.7992087
    },
    {
      "id": "197",
      "region": "경남",
      "subregion": "김해시",
      "name": "김해동현약국",
      "time": "22:00~24:00",
      "phone": "055-326-9422",
      "address": "경상남도 김해시 분성로 94-16",
      "latitude": 35.2304117,
      "longitude": 128.8569701
    },
    {
      "id": "198",
      "region": "경남",
      "subregion": "양산시",
      "name": "신일약국",
      "time": "22:00~01:00",
      "phone": "055-384-6878",
      "address": "경상남도 양산시 신기로 24",
      "latitude": 35.3527776,
      "longitude": 129.0431587
    },
    {
      "id": "199",
      "region": "경남",
      "subregion": "진주시",
      "name": "장안약국",
      "time": "21:00~23:00",
      "phone": "055-752-2911",
      "address": "경상남도 진주시 도동로 211",
      "latitude": 35.1891413,
      "longitude": 128.121896
    },
    {
      "id": "200",
      "region": "경남",
      "subregion": "창원시",
      "name": "365청솔약국",
      "time": "22:00~24:00",
      "phone": "055-242-9223",
      "address": "경상남도 창원시 마산합포구 해안대로 7",
      "latitude": 35.1807917,
      "longitude": 128.5597754
    },
    {
      "id": "201",
      "region": "경남",
      "subregion": "창원시",
      "name": "메디팜엄마손약국",
      "time": "22:00~24:00",
      "phone": "055-263-7743",
      "address": "경상남도 창원시 성산구 원이대로 580번길 16",
      "latitude": 35.2271075,
      "longitude": 128.6771568
    },
    {
      "id": "202",
      "region": "경남",
      "subregion": "창원시",
      "name": "신마산태평양약국",
      "time": "22:00~24:00",
      "phone": "055-244-1800",
      "address": "경상남도 창원시 마산합포구 해안대로 3",
      "latitude": 35.1807127,
      "longitude": 128.5593165
    },
    {
      "id": "203",
      "region": "경남",
      "subregion": "통영시",
      "name": "평화약국",
      "time": "22:00~01:00",
      "phone": "055-648-0619",
      "address": "경상남도 통영시 중앙로 293",
      "latitude": 34.8564318,
      "longitude": 128.4283383
    },
    {
      "id": "204",
      "region": "제주",
      "subregion": "서귀포시",
      "name": "조광약국",
      "time": "20:00~23:00 (월, 수, 금)",
      "phone": "064-764-4159",
      "address": "서귀포시 남원읍 태위로 633",
      "latitude": 33.2781435,
      "longitude": 126.7144199
    },
    {
      "id": "205",
      "region": "제주",
      "subregion": "서귀포시",
      "name": "중문약국",
      "time": "22:00~24:00 (월, 수, 금)",
      "phone": "064-739-9687",
      "address": "서귀포시 천제연로 200",
      "latitude": 33.2514872,
      "longitude": 126.4260847
    },
    {
      "id": "206",
      "region": "제주",
      "subregion": "제주시",
      "name": "현재약국",
      "time": "20:00~23:00 (월~토/ 둘째, 넷째 토요일 휴무)",
      "phone": "064-796-9333",
      "address": "제주시 한림읍 한림로 650",
      "latitude": 33.413754,
      "longitude": 126.2627728,
      "likes": null
    },
    {
      "id": "207",
      "region": "제주",
      "subregion": "제주시",
      "name": "영재약국",
      "time": "20:00~23:00 (월~토)",
      "phone": "064-783-1959",
      "address": "제주시 조천읍 신북로 510-1",
      "latitude": 33.5421146,
      "longitude": 126.6643601
    },
    {
      "id": "208",
      "region": "제주",
      "subregion": "제주시",
      "name": "조천약국",
      "time": "18:00~23:00 (월, 수, 금)",
      "phone": "064-783-8989",
      "address": "제주시 조천읍 신북로 226",
      "latitude": 33.5359889,
      "longitude": 126.6371937
    },
    {
      "id": "209",
      "region": "제주",
      "subregion": "제주시",
      "name": "세화약국",
      "time": "20:00~23:00 (화, 수, 목)",
      "phone": "064-784-8442",
      "address": "제주시 구좌읍 세화 10길 1",
      "latitude": 33.5208295,
      "longitude": 126.8587625
    }
  ]
}